Esc.,mundo,mercado,reversión,dif,dif_ee,b_bruta,b_bruta_ee,b_neta,b_costos
S1,0,6.006848951481502,0.03140247618310021,0.0002716935937889797,0.00048139581756456723,0.1637492402420935,0.5531074408082705,-1.0034213204765992,1.1671705607187517
S3,0,6.006848951481502,0.03140247618310021,0.08383331621257191,0.000977090522014133,4.466479703665159,0.6363193416828349,3.4878513670583584,0.9786283366070219
S5,0,6.006848951481502,0.03140247618310021,-0.00036763918095711334,0.0003059140813618442,-0.10441268520816889,0.18723675515436194,-1.5230269488546446,1.418614263646487
S1,1,1.7308903226363987,0.06508646871547517,0.0008248531349958968,0.00044073505584212345,-0.24892134691267445,0.5832428819747157,-1.3478525493088342,1.0989312023961608
S3,1,1.7308903226363987,0.06508646871547517,0.08232678946431805,0.0009314900292938436,4.235474736051372,0.6098505649948475,3.2904327467736,0.9450419892777251
S5,1,1.7308903226363987,0.06508646871547517,-0.0004977453021437622,0.0002792632911269055,-0.2197085198237217,0.17319386425025146,-1.548378215108501,1.3286696952847812
S1,2,-0.658721682974021,0.02891181132147596,0.0012044004899139302,0.0004979250719808761,0.5213041102685507,0.5701103703118526,-0.583652896484075,1.1049570067526198
S3,2,-0.658721682974021,0.02891181132147596,0.08224951490402163,0.0010480893055937566,5.4921212139198365,0.6491833248451688,4.546167714087514,0.9459534998323276
S5,2,-0.658721682974021,0.02891181132147596,-0.00012040643995938488,0.00028351258448307894,0.1607101937263109,0.21496725340423903,-1.104227011523646,1.264937205249953
S1,3,-0.7485783325529257,0.0315029592787234,-0.00022221475781001448,0.00046907240472596,-0.827624426212151,0.5080014794524628,-2.070576840138315,1.242952413926142
S3,3,-0.7485783325529257,0.0315029592787234,0.11231550031505348,0.0015587401886044503,7.487981125211321,0.6463949401484002,6.551615923359683,0.9363652018516789
S5,3,-0.7485783325529257,0.0315029592787234,0.00027137039988248124,0.00030691447042692174,0.08703625426689207,0.1991161562828365,-1.4597894322816378,1.5468256865485104
S1,4,-4.625252316714701,-0.06443416237393508,-0.00020102019533496662,0.0005103024099118063,-0.24407970339182208,0.5725211849388645,-1.6006314292615866,1.3565517258697048
S3,4,-4.625252316714701,-0.06443416237393508,0.11580504097790711,0.0015092957498271569,6.99557305469906,0.8624670267983063,6.008529090280842,0.9870439644182276
S5,4,-4.625252316714701,-0.06443416237393508,-0.0002314369064650712,0.00028486673286239907,0.0479055493489376,0.2133252929139767,-1.7023575344190298,1.7502630837679676
S1,5,25.735075426044865,-0.0010295430133471467,-0.00013914224686094323,0.0005559313736639271,0.5870075979982818,0.6336282857685035,-0.017460610068526058,0.6044682080674288
S3,5,25.735075426044865,-0.0010295430133471467,0.061859249729853426,0.0006755508823504986,1.5833611120553086,0.6768055755890552,0.9622360041171163,0.6211251079397792
S5,5,25.735075426044865,-0.0010295430133471467,-0.00046347958369847425,0.00030505513822294913,-0.018822258660302175,0.2097043743341967,-0.7227266948118158,0.7039044361516688
S1,6,9.387165134023453,0.00808798525545262,-0.0008454408879907116,0.0004987961888569803,0.49108588329867453,0.6024585877407101,-0.4850417939414031,0.9761276772399746
S3,6,9.387165134023453,0.00808798525545262,0.07379890269836877,0.0008079919263292476,4.11193193220055,0.5671996272434705,3.2225496405001204,0.889382291700634
S5,6,9.387165134023453,0.00808798525545262,-0.00012041403408259016,0.00031117958566810366,0.2411989600378523,0.17464107732228867,-0.9004202204321057,1.141619180469929
S1,7,17.163804280541488,0.021334614202241028,4.230574769018697e-05,0.0005047611938643284,-0.9920566885114482,0.6914047836654317,-1.9798442008206076,0.9877875123092039
S3,7,17.163804280541488,0.021334614202241028,0.07407218110324536,0.0008228585512952588,3.0359549343290855,0.6550585899291038,2.1540133346886865,0.8819415996403224
S5,7,17.163804280541488,0.021334614202241028,-0.00014900402732587886,0.0003089070666303561,0.19027697706021515,0.21069017648962507,-0.8680667931721152,1.0583437702323713
S1,8,10.815303296023465,-0.025017996383624664,0.0007261189708477125,0.000514132618760623,0.6611050908690853,0.578472280892107,-0.2376781805797363,0.8987832714488151
S3,8,10.815303296023465,-0.025017996383624664,0.08082284089357565,0.0009547894823827766,3.969201362614235,0.579633139666656,3.1501420951626824,0.8190592674514424
S5,8,10.815303296023465,-0.025017996383624664,-8.152558394973475e-05,0.00028698410099556066,0.2544530052386283,0.20117634614907398,-0.8513903017456822,1.1058433069842868
S1,9,10.779167908044057,0.09596632947778408,0.0006895507374510002,0.0005028724510515532,-1.397769331142752,0.790255647786244,-2.3005591481258167,0.9027898169828353
S3,9,10.779167908044057,0.09596632947778408,0.08340385002593362,0.0009686258994931972,2.6191650404657265,0.7536813458606617,1.8823709036238825,0.736794136841897
S5,9,10.779167908044057,0.09596632947778408,3.86398211674327e-05,0.00030523177143121073,-0.3775953970360627,0.2555239794482638,-1.4811359109823237,1.103540513946292
S1,10,16.143542773402157,0.02220511950815324,-0.00026557148895264837,0.0005079212523023397,0.7455371354020546,0.5648363777404755,-0.3055476755902404,1.0510848109920983
S3,10,16.143542773402157,0.02220511950815324,0.07622785301375765,0.0009347087685098475,3.5335329316373887,0.5326929188972156,2.6224208475214956,0.9111120841157007
S5,10,16.143542773402157,0.02220511950815324,-0.00026678043811879243,0.0003074797039593,0.2605927493413789,0.1957712945451116,-0.953966969332999,1.2145597186742632
S1,11,-16.453000241197984,0.11855443120729203,0.0002539851630884854,0.0005362723622128854,-0.1356747215790391,0.6602212101012108,-1.6955553752187729,1.559880653639628
S3,11,-16.453000241197984,0.11855443120729203,0.13331989282470927,0.0017911353405480664,5.74537056670408,0.9644053122238789,4.638459629344157,1.1069109373597124
S5,11,-16.453000241197984,0.11855443120729203,-8.206844460111745e-05,0.00031826916647730784,-0.07961710082153982,0.2031775795166442,-2.0414595919419654,1.9618424911204022
S1,12,16.324397827583862,-0.0671935917734015,0.00029231641022179483,0.0004763997492290163,0.04006715626329059,0.49011165992049943,-1.1176775314336875,1.157744687697081
S3,12,16.324397827583862,-0.0671935917734015,0.07506085185124713,0.0008082437250667,3.849242780859517,0.5742517331587386,2.8133186320249406,1.03592414883457
S5,12,16.324397827583862,-0.0671935917734015,-0.00029419082861134593,0.00025520322828816595,-0.1024790470184308,0.18511557989663072,-1.432959204678908,1.330480157660515
S1,13,14.492043099425935,-0.007740715561425559,-0.0007890601187809862,0.000469586891098143,-0.32032315318737714,0.5719415670563445,-1.4153620710284516,1.0950389178412114
S3,13,14.492043099425935,-0.007740715561425559,0.0795239734979309,0.0009201167176748641,3.784093762325828,0.5845831198326539,2.8682943035490602,0.9157994587767271
S5,13,14.492043099425935,-0.007740715561425559,-0.0001484224707803683,0.0003067614093948,0.10340886118708431,0.19473603547263568,-1.1542402213293579,1.257649082516425
S1,14,1.8968286370400973,0.037927779071376067,-0.0003005922047437104,0.0005423255617942569,0.8169494040149163,0.6439240412670146,-0.39985482799119615,1.216804232006131
S3,14,1.8968286370400973,0.037927779071376067,0.08548316194134692,0.0010546354856987164,4.793570117207752,0.7059381340135119,3.8721857341175845,0.9213843830901438
S5,14,1.8968286370400973,0.037927779071376067,0.0005851717061714223,0.0003058393660792789,-0.1370723723697606,0.20413472854715736,-1.6865912660219997,1.5495188936522275
S1,15,22.275771516167815,0.024938380510241137,-0.0006680188535473086,0.0004925250020179488,0.29152041738630774,0.634686419410176,-0.5477149803197869,0.8392353977054711
S3,15,22.275771516167815,0.024938380510241137,0.07008715175165242,0.000736230224319893,2.880590672953257,0.5157875758618751,2.0935989197339935,0.7869917532193844
S5,15,22.275771516167815,0.024938380510241137,-3.803647131566529e-05,0.00031754719695109324,0.06103070809043747,0.2118139607030621,-0.9322745735926984,0.9933052816831487
S1,16,-4.310582350432647,0.13535569475386364,-0.0006755719595745099,0.0005766793458876643,0.1965539834836661,0.678815652929332,-1.0690689703768446,1.2656229538605444
S3,16,-4.310582350432647,0.13535569475386364,0.1255909571770678,0.0018403311686483784,8.619465818388958,0.8489965916411916,7.614988597501642,1.004477220887322
S5,16,-4.310582350432647,0.13535569475386364,0.00013858788060892857,0.0003203190401737811,0.10994955266441386,0.2211293579098509,-1.6397873487669794,1.7497369014314
S1,17,-5.964316059196403,0.028675041636516563,-0.00013328160435650827,0.0004677124878114024,0.19016008609760046,0.6207444820112137,-1.1051255466706793,1.2952856327680728
S3,17,-5.964316059196403,0.028675041636516563,0.07635297362907006,0.0007638595702884029,3.7997444482840406,0.6827462956010044,2.837162459736647,0.9625819885474199
S5,17,-5.964316059196403,0.028675041636516563,-0.000374373881419178,0.0002691384514264296,0.0698339156113841,0.21457257646365904,-1.4304311697737482,1.5002650853851969
S1,18,17.754212693922245,0.002655731191084213,-0.0003206355213409423,0.0004323384856003441,-0.19868117011648395,0.5034420457114995,-1.276816899220669,1.0781357291044888
S3,18,17.754212693922245,0.002655731191084213,0.07845749216099315,0.0008839512644696157,4.154911529736381,0.5468358710631717,3.332719495118408,0.822192034617355
S5,18,17.754212693922245,0.002655731191084213,0.0003626491130984469,0.00030241334481741775,0.3122152716013741,0.19960962687754916,-0.9221953355243678,1.2344106071256842
S1,19,13.607838527556057,-0.00662303601673846,7.7176935334336e-05,0.00045395760334574056,-0.15233109603983136,0.6157740178131033,-1.2606248723018636,1.1082937762622476
S3,19,13.607838527556057,-0.00662303601673846,0.0732527408093589,0.000795247273757347,4.349700895855483,0.7058916907101134,3.367946575741062,0.9817543201142405
S5,19,13.607838527556057,-0.00662303601673846,0.0003585812873146549,0.00026760659213008513,-0.27514842493022607,0.18812856652939852,-1.534795682453692,1.2596472575235256
